candidate_id,task,engine,ad_mode,instance_type,budget_M,stage,valid,runtime_ms,cost_per_run,score,price,greeks,memory_peak_mb,correctness_passed,capacity_passed,failure_reason
price_only|european_local_vol|cpu|none|e2-standard-4,price_only,cpu,none,e2-standard-4,1000,probe,True,20.28727266667829,7.551373714819142e-07,4.102187288147501,10.617705144273907,{},1.80078125,True,True,
price_only|european_local_vol|jax|none|e2-standard-4,price_only,jax,none,e2-standard-4,1000,probe,True,15.348301666667416,5.712978953703983e-07,3.1035028229827164,10.338233718138095,{},4.3125,True,True,
ad_required|european_local_vol|jax|forward|e2-standard-4,ad_required,jax,forward,e2-standard-4,1000,probe,True,69.01420466667219,2.5688620625927984e-06,2.587258966501536,10.338233718138095,"{""d_a0"": 6.494731495827178, ""d_a1"": 0.05664999223427327, ""d_a2"": 0.07282960346299938, ""d_b1"": 3.4252179789882597, ""d_sigma_min"": 37.49164322615572, ""delta"": 0.6294122089302757}",4.6328125,True,True,
ad_required|european_local_vol|jax|reverse|e2-standard-4,ad_required,jax,reverse,e2-standard-4,1000,probe,True,37.5484350000003,1.397636191666678e-06,1.4076453622998084,10.338233718138095,"{""d_a0"": 6.4947314958271845, ""d_a1"": 0.05664999223427316, ""d_a2"": 0.07282960346299935, ""d_b1"": 3.4252179789882615, ""d_sigma_min"": 37.49164322615571, ""delta"": 0.6294122089302758}",26.13671875,True,True,
price_only|european_local_vol|cpp|none|e2-standard-4,price_only,cpp,none,e2-standard-4,1000,probe,True,8.192656333335435,3.049488746297079e-07,1.656595798703408,10.799289953487207,{},0.0,True,True,
price_only|european_local_vol|rust|none|e2-standard-4,price_only,rust,none,e2-standard-4,1000,probe,True,6.298591333338284,2.3444756629648059e-07,1.2736064489977044,11.257813939742835,{},0.0,True,True,
price_only|european_local_vol|cpu|none|e2-standard-4,price_only,cpu,none,e2-standard-4,5000,probe,True,77.75142133333664,2.8940806829630857e-06,3.162642404752168,10.802516077745393,{},9.59375,True,True,
price_only|european_local_vol|jax|none|e2-standard-4,price_only,jax,none,e2-standard-4,5000,probe,True,68.22408433333749,2.5394520279631177e-06,2.7751053091744384,10.858841281852154,{},12.5546875,True,True,
ad_required|european_local_vol|jax|forward|e2-standard-4,ad_required,jax,forward,e2-standard-4,5000,probe,True,318.02236433333064,1.1837499116851753e-05,3.3217920321581036,10.858841281852154,"{""d_a0"": 6.7963431202404845, ""d_a1"": 0.022378116950817734, ""d_a2"": 0.05400331645183834, ""d_b1"": 3.3306994354147466, ""d_sigma_min"": 39.23619250647123, ""delta"": 0.662013691993037}",19.30859375,True,True,
ad_required|european_local_vol|jax|reverse|e2-standard-4,ad_required,jax,reverse,e2-standard-4,5000,probe,True,156.0551163333249,5.8087182190737606e-06,1.6300194582234133,10.858841281852154,"{""d_a0"": 6.796343120240491, ""d_a1"": 0.022378116950817754, ""d_a2"": 0.054003316451838375, ""d_b1"": 3.330699435414748, ""d_sigma_min"": 39.23619250647125, ""delta"": 0.662013691993037}",0.2265625,True,True,
price_only|european_local_vol|cpp|none|e2-standard-4,price_only,cpp,none,e2-standard-4,5000,probe,True,40.958699999994984,1.5245738333331468e-06,1.6660495620800477,10.437451041303266,{},0.0,True,True,
price_only|european_local_vol|rust|none|e2-standard-4,price_only,rust,none,e2-standard-4,5000,probe,True,31.487115333324788,1.172020404073756e-06,1.280780266762767,10.790873056051813,{},0.0,True,True,
price_only|european_local_vol|cpu|none|e2-standard-4,price_only,cpu,none,e2-standard-4,25000,probe,True,380.6378013333453,1.4168184827407853e-05,3.146751489521985,10.692873528636373,{},0.0,True,True,
price_only|european_local_vol|jax|none|e2-standard-4,price_only,jax,none,e2-standard-4,25000,probe,True,247.9516346666628,9.229310845925783e-06,2.0498284011299015,10.548734688295786,{},0.078125,True,True,
ad_required|european_local_vol|jax|forward|e2-standard-4,ad_required,jax,forward,e2-standard-4,25000,probe,True,1557.2036730000036,5.79625811616668e-05,4.003968753852307,10.548734688295786,"{""d_a0"": 6.632499031224231, ""d_a1"": 0.03132785816744534, ""d_a2"": 0.053075952577342406, ""d_b1"": 3.2479627926867027, ""d_sigma_min"": 38.29450335891102, ""delta"": 0.6387465622580583}",0.0,True,True,
ad_required|european_local_vol|jax|reverse|e2-standard-4,ad_required,jax,reverse,e2-standard-4,25000,probe,True,676.2817896666604,2.5172711059814584e-05,1.7388933776452893,10.548734688295786,"{""d_a0"": 6.632499031224232, ""d_a1"": 0.03132785816744534, ""d_a2"": 0.05307595257734235, ""d_b1"": 3.247962792686703, ""d_sigma_min"": 38.29450335891098, ""delta"": 0.6387465622580581}",48.66796875,True,True,
price_only|european_local_vol|cpp|none|e2-standard-4,price_only,cpp,none,e2-standard-4,25000,probe,True,207.3856653333337,7.719355320740755e-06,1.7144675305689514,10.452371317043228,{},0.0,True,True,
price_only|european_local_vol|rust|none|e2-standard-4,price_only,rust,none,e2-standard-4,25000,probe,True,154.47555899999088,5.749923584999661e-06,1.277057070199556,10.9212887931239,{},0.0,True,True,
price_only|european_local_vol|cpu|none|e2-standard-4,price_only,cpu,none,e2-standard-4,100000,full_grid,True,1644.3887616666757,6.120780390648183e-05,3.4125009694571027,10.493294790051618,{},0.0,True,True,
price_only|european_local_vol|jax|none|e2-standard-4,price_only,jax,none,e2-standard-4,100000,full_grid,True,962.60653566668,3.583035438314865e-05,1.9976393738174614,10.490112213077344,{},0.02734375,True,True,
ad_required|european_local_vol|jax|forward|e2-standard-4,ad_required,jax,forward,e2-standard-4,100000,full_grid,True,4028.4364356666724,0.0001499473562164817,3.128146803843337,10.490112213077344,"{""d_a0"": 6.563660339087661, ""d_a1"": 0.0167508470577397, ""d_a2"": 0.04996795994813322, ""d_b1"": 3.2584998360836552, ""d_sigma_min"": 37.8926812661124, ""delta"": 0.6391305915188645}",0.2578125,True,True,
ad_required|european_local_vol|jax|reverse|e2-standard-4,ad_required,jax,reverse,e2-standard-4,100000,full_grid,True,2376.7898346666716,8.846939940148168e-05,1.8456161946339513,10.490112213077344,"{""d_a0"": 6.5636603390876544, ""d_a1"": 0.0167508470577397, ""d_a2"": 0.049967959948133266, ""d_b1"": 3.258499836083656, ""d_sigma_min"": 37.89268126611241, ""delta"": 0.6391305915188643}",1.10546875,True,True,
price_only|european_local_vol|cpp|none|e2-standard-4,price_only,cpp,none,e2-standard-4,100000,full_grid,True,816.2080366666752,3.0381076920370687e-05,1.6938273851863634,10.481566278295533,{},0.0,True,True,
price_only|european_local_vol|rust|none|e2-standard-4,price_only,rust,none,e2-standard-4,100000,full_grid,True,616.4534999999963,2.294576916666653e-05,1.2792888247685736,10.64809435377402,{},0.0,True,True,
price_only|european_local_vol|cpu|none|n2-standard-4,price_only,cpu,none,n2-standard-4,1000,probe,True,13.358431333330145,7.20242089388717e-07,3.2031524264220232,10.61770514427381,{},1.80078125,True,True,
price_only|european_local_vol|jax|none|n2-standard-4,price_only,jax,none,n2-standard-4,1000,probe,True,13.78602066665735,7.432962809439421e-07,3.3056819657356615,10.338233718138095,{},9.65234375,True,True,
ad_required|european_local_vol|jax|forward|n2-standard-4,ad_required,jax,forward,n2-standard-4,1000,probe,True,65.26398199999524,3.5188163628330763e-06,2.8853158123485048,10.338233718138095,"{""d_a0"": 6.494731495827178, ""d_a1"": 0.05664999223427327, ""d_a2"": 0.07282960346299938, ""d_b1"": 3.4252179789882597, ""d_sigma_min"": 37.49164322615572, ""delta"": 0.6294122089302757}",2.8359375,True,True,
ad_required|european_local_vol|jax|reverse|n2-standard-4,ad_required,jax,reverse,n2-standard-4,1000,probe,True,36.22257166666524,1.953000322361034e-06,1.6013972116161066,10.338233718138095,"{""d_a0"": 6.4947314958271845, ""d_a1"": 0.05664999223427316, ""d_a2"": 0.07282960346299935, ""d_b1"": 3.4252179789882615, ""d_sigma_min"": 37.49164322615571, ""delta"": 0.6294122089302758}",0.0,True,True,
price_only|european_local_vol|cpp|none|n2-standard-4,price_only,cpp,none,n2-standard-4,1000,probe,True,6.080411666668321,3.27835529027867e-07,1.4579919526283245,10.799289953487207,{},0.0,True,True,
price_only|european_local_vol|rust|none|n2-standard-4,price_only,rust,none,n2-standard-4,1000,probe,True,5.004558000014943,2.6982908550080563e-07,1.200018303116237,11.3323566566157,{},0.0,True,True,
price_only|european_local_vol|cpu|none|n2-standard-4,price_only,cpu,none,n2-standard-4,5000,probe,True,42.6108040000012,2.2974325156667315e-06,2.055637060770108,10.802516077745299,{},9.59375,True,True,
price_only|european_local_vol|jax|none|n2-standard-4,price_only,jax,none,n2-standard-4,5000,probe,True,58.74496566665736,3.167332732193942e-06,2.833983807441067,10.858841281852154,{},14.6171875,True,True,
ad_required|european_local_vol|jax|forward|n2-standard-4,ad_required,jax,forward,n2-standard-4,5000,probe,True,299.4588533333247,1.6145823175555093e-05,3.718300881231693,10.858841281852154,"{""d_a0"": 6.7963431202404845, ""d_a1"": 0.022378116950817734, ""d_a2"": 0.05400331645183834, ""d_b1"": 3.3306994354147466, ""d_sigma_min"": 39.23619250647123, ""delta"": 0.662013691993037}",0.0,True,True,
ad_required|european_local_vol|jax|reverse|n2-standard-4,ad_required,jax,reverse,n2-standard-4,5000,probe,True,140.89029600000913,7.596335126000492e-06,1.749397307651848,10.858841281852154,"{""d_a0"": 6.796343120240491, ""d_a1"": 0.022378116950817754, ""d_a2"": 0.054003316451838375, ""d_b1"": 3.330699435414748, ""d_sigma_min"": 39.23619250647125, ""delta"": 0.662013691993037}",23.96875,True,True,
price_only|european_local_vol|cpp|none|n2-standard-4,price_only,cpp,none,n2-standard-4,5000,probe,True,30.31519266667715,1.6344941379450095e-06,1.4624702587166858,10.437451041303266,{},0.0,True,True,
price_only|european_local_vol|rust|none|n2-standard-4,price_only,rust,none,n2-standard-4,5000,probe,True,24.891511333332044,1.3420673193888194e-06,1.2008201768587863,10.55782216947273,{},0.0,True,True,
price_only|european_local_vol|cpu|none|n2-standard-4,price_only,cpu,none,n2-standard-4,25000,probe,True,198.87678866666647,1.0722773522277767e-05,1.9599095054876707,10.692873528636278,{},0.0,True,True,
price_only|european_local_vol|jax|none|n2-standard-4,price_only,jax,none,n2-standard-4,25000,probe,True,216.01128400000866,1.1646608395667133e-05,2.1287681264494047,10.548734688295786,{},0.2578125,True,True,
ad_required|european_local_vol|jax|forward|n2-standard-4,ad_required,jax,forward,n2-standard-4,25000,probe,True,1504.9149563333326,8.113999806230551e-05,4.605418207868404,10.548734688295786,"{""d_a0"": 6.632499031224231, ""d_a1"": 0.03132785816744534, ""d_a2"": 0.053075952577342406, ""d_b1"": 3.2479627926867027, ""d_sigma_min"": 38.29450335891102, ""delta"": 0.6387465622580583}",0.19921875,True,True,
ad_required|european_local_vol|jax|reverse|n2-standard-4,ad_required,jax,reverse,n2-standard-4,25000,probe,True,614.6209863333354,3.313831484647233e-05,1.8808947771335833,10.548734688295786,"{""d_a0"": 6.632499031224232, ""d_a1"": 0.03132785816744534, ""d_a2"": 0.05307595257734235, ""d_b1"": 3.247962792686703, ""d_sigma_min"": 38.29450335891098, ""delta"": 0.6387465622580581}",74.375,True,True,
price_only|european_local_vol|cpp|none|n2-standard-4,price_only,cpp,none,n2-standard-4,25000,probe,True,151.23151433333723,8.153899147805766e-06,1.4903704170726177,10.45237131704323,{},0.0,True,True,
price_only|european_local_vol|rust|none|n2-standard-4,price_only,rust,none,n2-standard-4,25000,probe,True,122.93094466665859,6.628026766610676e-06,1.2114713264733323,10.785924450158296,{},0.0,True,True,
price_only|european_local_vol|cpu|none|n2-standard-4,price_only,cpu,none,n2-standard-4,100000,full_grid,True,927.8805509999964,5.00282263747498e-05,2.2938966752660743,10.493294790051525,{},0.0,True,True,
price_only|european_local_vol|jax|none|n2-standard-4,price_only,jax,none,n2-standard-4,100000,full_grid,True,855.2224823333271,4.611074550580522e-05,2.1142721514347436,10.490112213077344,{},0.03515625,True,True,
ad_required|european_local_vol|jax|forward|n2-standard-4,ad_required,jax,forward,n2-standard-4,100000,full_grid,True,3847.567459666673,0.00020744801220036146,3.5623317592139117,10.490112213077344,"{""d_a0"": 6.563660339087661, ""d_a1"": 0.0167508470577397, ""d_a2"": 0.04996795994813322, ""d_b1"": 3.2584998360836552, ""d_sigma_min"": 37.8926812661124, ""delta"": 0.6391305915188645}",0.16015625,True,True,
ad_required|european_local_vol|jax|reverse|n2-standard-4,ad_required,jax,reverse,n2-standard-4,100000,full_grid,True,2179.078194999998,0.00011748863268041654,2.0175343359753635,10.490112213077344,"{""d_a0"": 6.5636603390876544, ""d_a1"": 0.0167508470577397, ""d_a2"": 0.049967959948133266, ""d_b1"": 3.258499836083656, ""d_sigma_min"": 37.89268126611241, ""delta"": 0.6391305915188643}",191.03125,True,True,
price_only|european_local_vol|cpp|none|n2-standard-4,price_only,cpp,none,n2-standard-4,100000,full_grid,True,605.8732779999995,3.2666667572166636e-05,1.4978336344467273,10.481566278295533,{},0.0,True,True,
price_only|european_local_vol|rust|none|n2-standard-4,price_only,rust,none,n2-standard-4,100000,full_grid,True,489.55519533332864,2.639518428172197e-05,1.210273276796337,10.598615806453912,{},0.0,True,True,
price_only|european_local_vol|cpu|none|n2d-standard-4,price_only,cpu,none,n2d-standard-4,1000,probe,True,13.996827666659328,6.726253295366843e-07,3.1715606556174887,10.617705144273907,{},1.80078125,True,True,
price_only|european_local_vol|jax|none|n2d-standard-4,price_only,jax,none,n2d-standard-4,1000,probe,True,10.032528666660786,4.821187387034211e-07,2.2732846294399103,10.338233718138095,{},4.56640625,True,True,
ad_required|european_local_vol|jax|forward|n2d-standard-4,ad_required,jax,forward,n2d-standard-4,1000,probe,True,45.462197666665816,2.184711165648107e-06,1.90260474523202,10.338233718138095,"{""d_a0"": 6.494731495827178, ""d_a1"": 0.05664999223427327, ""d_a2"": 0.07282960346299938, ""d_b1"": 3.4252179789882597, ""d_sigma_min"": 37.49164322615572, ""delta"": 0.6294122089302757}",4.63671875,True,True,
ad_required|european_local_vol|jax|reverse|n2d-standard-4,ad_required,jax,reverse,n2d-standard-4,1000,probe,True,26.67547366666175,1.2819047067590227e-06,1.116375480825378,10.338233718138095,"{""d_a0"": 6.4947314958271845, ""d_a1"": 0.05664999223427316, ""d_a2"": 0.07282960346299935, ""d_b1"": 3.4252179789882615, ""d_sigma_min"": 37.49164322615571, ""delta"": 0.6294122089302758}",0.0,True,True,
price_only|european_local_vol|cpp|none|n2d-standard-4,price_only,cpp,none,n2d-standard-4,1000,probe,True,5.776493333333595,2.7759259629630883e-07,1.3089036615830651,10.799289953487206,{},0.0,True,True,
price_only|european_local_vol|rust|none|n2d-standard-4,price_only,rust,none,n2d-standard-4,1000,probe,True,4.622110999993841,2.2211811194414843e-07,1.047330562509959,11.544645770653956,{},0.0,True,True,
price_only|european_local_vol|cpu|none|n2d-standard-4,price_only,cpu,none,n2d-standard-4,5000,probe,True,51.07289900000941,2.4543365352782296e-06,2.3282058044030096,10.802516077745393,{},9.52734375,True,True,
price_only|european_local_vol|jax|none|n2d-standard-4,price_only,jax,none,n2d-standard-4,5000,probe,True,46.07680933332858,2.214246670740512e-06,2.100454390462672,10.858841281852154,{},13.9140625,True,True,
ad_required|european_local_vol|jax|forward|n2d-standard-4,ad_required,jax,forward,n2d-standard-4,5000,probe,True,208.09602500000324,1.0000170090277933e-05,2.439831830442884,10.858841281852154,"{""d_a0"": 6.7963431202404845, ""d_a1"": 0.022378116950817734, ""d_a2"": 0.05400331645183834, ""d_b1"": 3.3306994354147466, ""d_sigma_min"": 39.23619250647123, ""delta"": 0.662013691993037}",22.4296875,True,True,
ad_required|european_local_vol|jax|reverse|n2d-standard-4,ad_required,jax,reverse,n2d-standard-4,5000,probe,True,97.23616233335026,4.672737801019332e-06,1.1400500510810607,10.858841281852154,"{""d_a0"": 6.796343120240491, ""d_a1"": 0.022378116950817754, ""d_a2"": 0.054003316451838375, ""d_b1"": 3.330699435414748, ""d_sigma_min"": 39.23619250647125, ""delta"": 0.662013691993037}",33.48046875,True,True,
price_only|european_local_vol|cpp|none|n2d-standard-4,price_only,cpp,none,n2d-standard-4,5000,probe,True,28.80732666666101,1.384352087036765e-06,1.3132088929324615,10.437451041303266,{},0.0,True,True,
price_only|european_local_vol|rust|none|n2d-standard-4,price_only,rust,none,n2d-standard-4,5000,probe,True,22.958418333331565,1.1032795476851003e-06,1.0465809435169362,10.7926266263994,{},0.0,True,True,
price_only|european_local_vol|cpu|none|n2d-standard-4,price_only,cpu,none,n2d-standard-4,25000,probe,True,246.16111466666743,1.1829409121481518e-05,2.2886658627232936,10.692873528636373,{},0.0,True,True,
price_only|european_local_vol|jax|none|n2d-standard-4,price_only,jax,none,n2d-standard-4,25000,probe,True,156.01912566666934,7.497585761203832e-06,1.4505769821881345,10.548734688295786,{},0.0,True,True,
ad_required|european_local_vol|jax|forward|n2d-standard-4,ad_required,jax,forward,n2d-standard-4,25000,probe,True,1010.5973553333267,4.85648173535182e-05,2.9191853176212668,10.548734688295786,"{""d_a0"": 6.632499031224231, ""d_a1"": 0.03132785816744534, ""d_a2"": 0.053075952577342406, ""d_b1"": 3.2479627926867027, ""d_sigma_min"": 38.29450335891102, ""delta"": 0.6387465622580583}",0.34375,True,True,
ad_required|european_local_vol|jax|reverse|n2d-standard-4,ad_required,jax,reverse,n2d-standard-4,25000,probe,True,391.2069239999975,1.879966606999988e-05,1.1300301773656456,10.548734688295786,"{""d_a0"": 6.632499031224232, ""d_a1"": 0.03132785816744534, ""d_a2"": 0.05307595257734235, ""d_b1"": 3.247962792686703, ""d_sigma_min"": 38.29450335891098, ""delta"": 0.6387465622580581}",58.6953125,True,True,
price_only|european_local_vol|cpp|none|n2d-standard-4,price_only,cpp,none,n2d-standard-4,25000,probe,True,143.24064966666583,6.88350899787033e-06,1.331769989302848,10.452371317043228,{},0.0,True,True,
price_only|european_local_vol|rust|none|n2d-standard-4,price_only,rust,none,n2d-standard-4,25000,probe,True,114.72045466666714,5.512955182592615e-06,1.0666054575972757,11.120472959658608,{},0.0,True,True,
price_only|european_local_vol|cpu|none|n2d-standard-4,price_only,cpu,none,n2d-standard-4,100000,full_grid,True,1003.6041810000047,4.822875647583355e-05,2.3412358017983115,10.493294790051618,{},0.0,True,True,
price_only|european_local_vol|jax|none|n2d-standard-4,price_only,jax,none,n2d-standard-4,100000,full_grid,True,608.1547353333386,2.9225213670185436e-05,1.4187203145934109,10.490112213077344,{},0.0,True,True,
ad_required|european_local_vol|jax|forward|n2d-standard-4,ad_required,jax,forward,n2d-standard-4,100000,full_grid,True,3019.4166009999985,0.00014509974221472215,2.6372553151066835,10.490112213077344,"{""d_a0"": 6.563660339087661, ""d_a1"": 0.0167508470577397, ""d_a2"": 0.04996795994813322, ""d_b1"": 3.2584998360836552, ""d_sigma_min"": 37.8926812661124, ""delta"": 0.6391305915188645}",0.04296875,True,True,
ad_required|european_local_vol|jax|reverse|n2d-standard-4,ad_required,jax,reverse,n2d-standard-4,100000,full_grid,True,1285.571089333331,6.177883290407395e-05,1.1228590275250387,10.490112213077344,"{""d_a0"": 6.5636603390876544, ""d_a1"": 0.0167508470577397, ""d_a2"": 0.049967959948133266, ""d_b1"": 3.258499836083656, ""d_sigma_min"": 37.89268126611241, ""delta"": 0.6391305915188643}",0.0,True,True,
price_only|european_local_vol|cpp|none|n2d-standard-4,price_only,cpp,none,n2d-standard-4,100000,full_grid,True,575.3935666666621,2.7650857509259036e-05,1.3422941473421448,10.481566278295533,{},0.0,True,True,
price_only|european_local_vol|rust|none|n2d-standard-4,price_only,rust,none,n2d-standard-4,100000,full_grid,True,456.2070970000036,2.1923285494722393e-05,1.0642526294247059,10.621581396909557,{},0.0,True,True,
price_only|european_local_vol|cpu|none|t2d-standard-4,price_only,cpu,none,t2d-standard-4,1000,probe,True,13.661138666667702,6.454129067852342e-07,3.0705531541527686,10.617705144273907,{},1.80078125,True,True,
price_only|european_local_vol|jax|none|t2d-standard-4,price_only,jax,none,t2d-standard-4,1000,probe,True,9.880957333336937,4.6682033979276286e-07,2.220898670764123,10.338233718138095,{},4.8203125,True,True,
ad_required|european_local_vol|jax|forward|t2d-standard-4,ad_required,jax,forward,t2d-standard-4,1000,probe,True,43.04659533333677,2.0337124817483104e-06,1.7874542501176545,10.338233718138095,"{""d_a0"": 6.494731495827178, ""d_a1"": 0.05664999223427327, ""d_a2"": 0.07282960346299938, ""d_b1"": 3.4252179789882597, ""d_sigma_min"": 37.49164322615572, ""delta"": 0.6294122089302757}",4.37890625,True,True,
ad_required|european_local_vol|jax|reverse|t2d-standard-4,ad_required,jax,reverse,t2d-standard-4,1000,probe,True,26.287452000000638,1.2419360656000303e-06,1.091552477920969,10.338233718138095,"{""d_a0"": 6.4947314958271845, ""d_a1"": 0.05664999223427316, ""d_a2"": 0.07282960346299935, ""d_b1"": 3.4252179789882615, ""d_sigma_min"": 37.49164322615571, ""delta"": 0.6294122089302758}",0.203125,True,True,
price_only|european_local_vol|cpp|none|t2d-standard-4,price_only,cpp,none,t2d-standard-4,1000,probe,True,4.8884566666629325,2.30952419407231e-07,1.0987565826694285,10.799289953487207,{},0.0,True,True,
price_only|european_local_vol|rust|none|t2d-standard-4,price_only,rust,none,t2d-standard-4,1000,probe,True,6.014252999998841,2.841400417332786e-07,1.3517967989064987,12.306715618532909,{},0.0,True,True,
price_only|european_local_vol|cpu|none|t2d-standard-4,price_only,cpu,none,t2d-standard-4,5000,probe,True,51.129322333333484,2.4155764284592666e-06,2.3119832395802393,10.802516077745393,{},9.52734375,True,True,
price_only|european_local_vol|jax|none|t2d-standard-4,price_only,jax,none,t2d-standard-4,5000,probe,True,41.849934333332804,1.97717689761479e-06,1.892384689267029,10.858841281852154,{},14.49609375,True,True,
ad_required|european_local_vol|jax|forward|t2d-standard-4,ad_required,jax,forward,t2d-standard-4,5000,probe,True,205.47297500000164,9.707456552222301e-06,2.3893953648587143,10.858841281852154,"{""d_a0"": 6.7963431202404845, ""d_a1"": 0.022378116950817734, ""d_a2"": 0.05400331645183834, ""d_b1"": 3.3306994354147466, ""d_sigma_min"": 39.23619250647123, ""delta"": 0.662013691993037}",22.13671875,True,True,
ad_required|european_local_vol|jax|reverse|t2d-standard-4,ad_required,jax,reverse,t2d-standard-4,5000,probe,True,89.61412833333308,4.23376970748147e-06,1.042100952037699,10.858841281852154,"{""d_a0"": 6.796343120240491, ""d_a1"": 0.022378116950817754, ""d_a2"": 0.054003316451838375, ""d_b1"": 3.330699435414748, ""d_sigma_min"": 39.23619250647125, ""delta"": 0.662013691993037}",0.0,True,True,
price_only|european_local_vol|cpp|none|t2d-standard-4,price_only,cpp,none,t2d-standard-4,5000,probe,True,23.757717000004657,1.1224201409335534e-06,1.0742845985050664,10.437451041303266,{},0.0,True,True,
price_only|european_local_vol|rust|none|t2d-standard-4,price_only,rust,none,t2d-standard-4,5000,probe,True,23.590995333336195,1.1145434684149502e-06,1.0667457209799664,10.357609634925126,{},0.0,True,True,
price_only|european_local_vol|cpu|none|t2d-standard-4,price_only,cpu,none,t2d-standard-4,25000,probe,True,247.57624133332948,1.1696601979436857e-05,2.282723267055011,10.692873528636373,{},0.0,True,True,
price_only|european_local_vol|jax|none|t2d-standard-4,price_only,jax,none,t2d-standard-4,25000,probe,True,135.3117860000026,6.392730156355679e-06,1.2476131011016853,10.548734688295786,{},0.53125,True,True,
ad_required|european_local_vol|jax|forward|t2d-standard-4,ad_required,jax,forward,t2d-standard-4,25000,probe,True,1156.0219579999966,5.461561517128873e-05,3.3117900542858267,10.548734688295786,"{""d_a0"": 6.632499031224231, ""d_a1"": 0.03132785816744534, ""d_a2"": 0.053075952577342406, ""d_b1"": 3.2479627926867027, ""d_sigma_min"": 38.29450335891102, ""delta"": 0.6387465622580583}",0.0,True,True,
ad_required|european_local_vol|jax|reverse|t2d-standard-4,ad_required,jax,reverse,t2d-standard-4,25000,probe,True,361.31508066667095,1.70701302554965e-05,1.035101178082783,10.548734688295786,"{""d_a0"": 6.632499031224232, ""d_a1"": 0.03132785816744534, ""d_a2"": 0.05307595257734235, ""d_b1"": 3.247962792686703, ""d_sigma_min"": 38.29450335891098, ""delta"": 0.6387465622580581}",1.47265625,True,True,
price_only|european_local_vol|cpp|none|t2d-standard-4,price_only,cpp,none,t2d-standard-4,25000,probe,True,119.20408866666794,5.631730944563024e-06,1.099095556431566,10.45237131704323,{},0.0,True,True,
price_only|european_local_vol|rust|none|t2d-standard-4,price_only,rust,none,t2d-standard-4,25000,probe,True,111.27137333333319,5.256954215703697e-06,1.0259536678367436,10.676164237166757,{},0.0,True,True,
price_only|european_local_vol|cpu|none|t2d-standard-4,price_only,cpu,none,t2d-standard-4,100000,full_grid,True,1004.7248090000049,4.7467665420755794e-05,2.3244728283738785,10.493294790051618,{},0.0,True,True,
price_only|european_local_vol|jax|none|t2d-standard-4,price_only,jax,none,t2d-standard-4,100000,full_grid,True,546.4335799999986,2.5815950912888825e-05,1.264196920234558,10.490112213077344,{},0.0,True,True,
ad_required|european_local_vol|jax|forward|t2d-standard-4,ad_required,jax,forward,t2d-standard-4,100000,full_grid,True,2360.365159666666,0.00011151414065447403,2.044491237202978,10.490112213077344,"{""d_a0"": 6.563660339087661, ""d_a1"": 0.0167508470577397, ""d_a2"": 0.04996795994813322, ""d_b1"": 3.2584998360836552, ""d_sigma_min"": 37.8926812661124, ""delta"": 0.6391305915188645}",0.15234375,True,True,
ad_required|european_local_vol|jax|reverse|t2d-standard-4,ad_required,jax,reverse,t2d-standard-4,100000,full_grid,True,1183.0065663333187,5.589048800054746e-05,1.0246916874351841,10.490112213077344,"{""d_a0"": 6.5636603390876544, ""d_a1"": 0.0167508470577397, ""d_a2"": 0.049967959948133266, ""d_b1"": 3.258499836083656, ""d_sigma_min"": 37.89268126611241, ""delta"": 0.6391305915188643}",0.171875,True,True,
price_only|european_local_vol|cpp|none|t2d-standard-4,price_only,cpp,none,t2d-standard-4,100000,full_grid,True,475.23339000000914,2.2452137492000435e-05,1.0994723055465254,10.481566278295533,{},0.0,True,True,
price_only|european_local_vol|rust|none|t2d-standard-4,price_only,rust,none,t2d-standard-4,100000,full_grid,True,445.09794199998964,2.102840499315507e-05,1.029752687379001,10.66662862372032,{},0.0,True,True,
price_only|european_local_vol|cpu|none|c2d-standard-4,price_only,cpu,none,c2d-standard-4,1000,probe,True,12.359252000005464,7.690201244447844e-07,3.1946359155017996,10.617705144273907,{},1.80078125,True,True,
price_only|european_local_vol|jax|none|c2d-standard-4,price_only,jax,none,c2d-standard-4,1000,probe,True,8.76446966667288,5.453447792596459e-07,2.265451790890492,10.338233718138095,{},6.890625,True,True,
ad_required|european_local_vol|jax|forward|c2d-standard-4,ad_required,jax,forward,c2d-standard-4,1000,probe,True,38.7825543333283,2.413136714073761e-06,1.8442547099403455,10.338233718138095,"{""d_a0"": 6.494731495827178, ""d_a1"": 0.05664999223427327, ""d_a2"": 0.07282960346299938, ""d_b1"": 3.4252179789882597, ""d_sigma_min"": 37.49164322615572, ""delta"": 0.6294122089302757}",4.890625,True,True,
ad_required|european_local_vol|jax|reverse|c2d-standard-4,ad_required,jax,reverse,c2d-standard-4,1000,probe,True,22.219036333334923,1.3825178162963952e-06,1.0565978211722373,10.338233718138095,"{""d_a0"": 6.4947314958271845, ""d_a1"": 0.05664999223427316, ""d_a2"": 0.07282960346299935, ""d_b1"": 3.4252179789882615, ""d_sigma_min"": 37.49164322615571, ""delta"": 0.6294122089302758}",0.3125,True,True,
price_only|european_local_vol|cpp|none|c2d-standard-4,price_only,cpp,none,c2d-standard-4,1000,probe,True,5.389137000004022,3.353240800002503e-07,1.3929913083546528,10.799289953487207,{},0.0,True,True,
price_only|european_local_vol|rust|none|c2d-standard-4,price_only,rust,none,c2d-standard-4,1000,probe,True,4.222412666668636,2.627278992593818e-07,1.091414848973335,11.493455995748711,{},0.0,True,True,
price_only|european_local_vol|cpu|none|c2d-standard-4,price_only,cpu,none,c2d-standard-4,5000,probe,True,46.3902486666683,2.886504361481583e-06,2.4125799276970907,10.802516077745393,{},9.52734375,True,True,
price_only|european_local_vol|jax|none|c2d-standard-4,price_only,jax,none,c2d-standard-4,5000,probe,True,39.41075800000249,2.452224942222377e-06,2.049603233846218,10.858841281852154,{},13.90625,True,True,
ad_required|european_local_vol|jax|forward|c2d-standard-4,ad_required,jax,forward,c2d-standard-4,5000,probe,True,187.35922566666355,1.1657907374814622e-05,2.510164687106178,10.858841281852154,"{""d_a0"": 6.7963431202404845, ""d_a1"": 0.022378116950817734, ""d_a2"": 0.05400331645183834, ""d_b1"": 3.3306994354147466, ""d_sigma_min"": 39.23619250647123, ""delta"": 0.662013691993037}",22.171875,True,True,
ad_required|european_local_vol|jax|reverse|c2d-standard-4,ad_required,jax,reverse,c2d-standard-4,5000,probe,True,82.65446499999977,5.142944488888875e-06,1.1073717802601317,10.858841281852154,"{""d_a0"": 6.796343120240491, ""d_a1"": 0.022378116950817754, ""d_a2"": 0.054003316451838375, ""d_b1"": 3.330699435414748, ""d_sigma_min"": 39.23619250647125, ""delta"": 0.662013691993037}",91.33984375,True,True,
price_only|european_local_vol|cpp|none|c2d-standard-4,price_only,cpp,none,c2d-standard-4,5000,probe,True,26.363962666669256,1.6404243437038648e-06,1.3710891614569514,10.437451041303266,{},0.0,True,True,
price_only|european_local_vol|rust|none|c2d-standard-4,price_only,rust,none,c2d-standard-4,5000,probe,True,21.001846666668673,1.3067815703704954e-06,1.092225956292031,11.023164995715348,{},0.0,True,True,
price_only|european_local_vol|cpu|none|c2d-standard-4,price_only,cpu,none,c2d-standard-4,25000,probe,True,226.29747266667266,1.4080731632592966e-05,2.4089031197767974,10.692873528636373,{},0.0,True,True,
price_only|european_local_vol|jax|none|c2d-standard-4,price_only,jax,none,c2d-standard-4,25000,probe,True,135.1080900000028,8.406725600000175e-06,1.438205631167098,10.548734688295786,{},0.32421875,True,True,
ad_required|european_local_vol|jax|forward|c2d-standard-4,ad_required,jax,forward,c2d-standard-4,25000,probe,True,852.9659176666655,5.307343487703697e-05,2.817797577985421,10.548734688295786,"{""d_a0"": 6.632499031224231, ""d_a1"": 0.03132785816744534, ""d_a2"": 0.053075952577342406, ""d_b1"": 3.2479627926867027, ""d_sigma_min"": 38.29450335891102, ""delta"": 0.6387465622580583}",0.12890625,True,True,
ad_required|european_local_vol|jax|reverse|c2d-standard-4,ad_required,jax,reverse,c2d-standard-4,25000,probe,True,337.6137966666685,2.1007080681481597e-05,1.115316941554017,10.548734688295786,"{""d_a0"": 6.632499031224232, ""d_a1"": 0.03132785816744534, ""d_a2"": 0.05307595257734235, ""d_b1"": 3.247962792686703, ""d_sigma_min"": 38.29450335891098, ""delta"": 0.6387465622580581}",47.99609375,True,True,
price_only|european_local_vol|cpp|none|c2d-standard-4,price_only,cpp,none,c2d-standard-4,25000,probe,True,132.01848899999882,8.214483759999927e-06,1.4053172855745792,10.452371317043228,{},0.0,True,True,
price_only|european_local_vol|rust|none|c2d-standard-4,price_only,rust,none,c2d-standard-4,25000,probe,True,105.78058500000036,6.581903066666689e-06,1.1260186789343793,10.792960752568726,{},0.0,True,True,
price_only|european_local_vol|cpu|none|c2d-standard-4,price_only,cpu,none,c2d-standard-4,100000,full_grid,True,908.1091736666641,5.6504570805925766e-05,2.424355296688853,10.493294790051618,{},0.0,True,True,
price_only|european_local_vol|jax|none|c2d-standard-4,price_only,jax,none,c2d-standard-4,100000,full_grid,True,563.7559409999918,3.507814743999949e-05,1.5050444827956597,10.490112213077344,{},0.0078125,True,True,
ad_required|european_local_vol|jax|forward|c2d-standard-4,ad_required,jax,forward,c2d-standard-4,100000,full_grid,True,2264.5830733333223,0.00014090739122962895,2.264963555139918,10.490112213077344,"{""d_a0"": 6.563660339087661, ""d_a1"": 0.0167508470577397, ""d_a2"": 0.04996795994813322, ""d_b1"": 3.2584998360836552, ""d_sigma_min"": 37.8926812661124, ""delta"": 0.6391305915188645}",0.0078125,True,True,
ad_required|european_local_vol|jax|reverse|c2d-standard-4,ad_required,jax,reverse,c2d-standard-4,100000,full_grid,True,1127.3349613333228,7.01452864829623e-05,1.1275243694622528,10.490112213077344,"{""d_a0"": 6.5636603390876544, ""d_a1"": 0.0167508470577397, ""d_a2"": 0.049967959948133266, ""d_b1"": 3.258499836083656, ""d_sigma_min"": 37.89268126611241, ""delta"": 0.6391305915188643}",0.02734375,True,True,
price_only|european_local_vol|cpp|none|c2d-standard-4,price_only,cpp,none,c2d-standard-4,100000,full_grid,True,527.3688419999966,3.2814061279999786e-05,1.4079027968069653,10.481566278295533,{},0.0,True,True,
price_only|european_local_vol|rust|none|c2d-standard-4,price_only,rust,none,c2d-standard-4,100000,full_grid,True,420.099749000002,2.6139539937777904e-05,1.1215293063426959,10.766906411933313,{},0.0,True,True,
