method,objective,task,round_index,budget_M,candidate_id,rank,score,promoted,reason
plain_sha,union,price_only,0,1000,price_only|european_local_vol|cpu|none|e2-standard-4,20,3.6807014693541307,False,eliminated_by_rank
plain_sha,union,price_only,0,1000,price_only|european_local_vol|cpu|none|n2-standard-4,17,3.2268261018890914,False,eliminated_by_rank
plain_sha,union,price_only,0,1000,price_only|european_local_vol|cpu|none|n2d-standard-4,16,3.085563881396512,False,eliminated_by_rank
plain_sha,union,price_only,0,1000,price_only|european_local_vol|cpu|none|c2d-standard-4,19,3.3551819223744945,False,eliminated_by_rank
plain_sha,union,price_only,0,1000,price_only|european_local_vol|cpu|none|t2d-standard-4,15,2.971652901168803,False,eliminated_by_rank
plain_sha,union,price_only,0,1000,price_only|european_local_vol|jax|none|e2-standard-4,14,2.784628442904589,False,eliminated_by_rank
plain_sha,union,price_only,0,1000,price_only|european_local_vol|jax|none|n2-standard-4,18,3.3301134106486905,False,eliminated_by_rank
plain_sha,union,price_only,0,1000,price_only|european_local_vol|jax|none|n2d-standard-4,12,2.211644583340934,False,eliminated_by_rank
plain_sha,union,price_only,0,1000,price_only|european_local_vol|jax|none|c2d-standard-4,13,2.3793017720495913,False,eliminated_by_rank
plain_sha,union,price_only,0,1000,price_only|european_local_vol|jax|none|t2d-standard-4,11,2.1493651621866006,False,eliminated_by_rank
plain_sha,union,price_only,0,1000,price_only|european_local_vol|cpp|none|e2-standard-4,10,1.4863862037774098,True,base_cutoff
plain_sha,union,price_only,0,1000,price_only|european_local_vol|cpp|none|n2-standard-4,9,1.468767596033679,True,base_cutoff
plain_sha,union,price_only,0,1000,price_only|european_local_vol|cpp|none|n2d-standard-4,6,1.2734127771622363,True,base_cutoff
plain_sha,union,price_only,0,1000,price_only|european_local_vol|cpp|none|c2d-standard-4,8,1.4629959029563453,True,base_cutoff
plain_sha,union,price_only,0,1000,price_only|european_local_vol|cpp|none|t2d-standard-4,2,1.0633664433237418,True,base_cutoff
plain_sha,union,price_only,0,1000,price_only|european_local_vol|rust|none|e2-standard-4,3,1.1427477096789713,True,base_cutoff
plain_sha,union,price_only,0,1000,price_only|european_local_vol|rust|none|n2-standard-4,5,1.208887329650278,True,base_cutoff
plain_sha,union,price_only,0,1000,price_only|european_local_vol|rust|none|n2d-standard-4,1,1.0189322250039836,True,base_cutoff
plain_sha,union,price_only,0,1000,price_only|european_local_vol|rust|none|c2d-standard-4,4,1.1462637583573363,True,base_cutoff
plain_sha,union,price_only,0,1000,price_only|european_local_vol|rust|none|t2d-standard-4,7,1.3082564207782275,True,base_cutoff
plain_sha,union,ad_required,0,1000,ad_required|european_local_vol|jax|forward|e2-standard-4,9,2.2759636381186494,False,eliminated_by_rank
plain_sha,union,ad_required,0,1000,ad_required|european_local_vol|jax|forward|n2-standard-4,10,2.854125122123696,False,eliminated_by_rank
plain_sha,union,ad_required,0,1000,ad_required|european_local_vol|jax|forward|n2d-standard-4,7,1.8165122525635515,False,eliminated_by_rank
plain_sha,union,ad_required,0,1000,ad_required|european_local_vol|jax|forward|c2d-standard-4,8,1.9035284257351341,False,eliminated_by_rank
plain_sha,union,ad_required,0,1000,ad_required|european_local_vol|jax|forward|t2d-standard-4,6,1.697502075167535,False,eliminated_by_rank
plain_sha,union,ad_required,0,1000,ad_required|european_local_vol|jax|reverse|e2-standard-4,4,1.2382794692920873,True,base_cutoff
plain_sha,union,ad_required,0,1000,ad_required|european_local_vol|jax|reverse|n2-standard-4,5,1.5840858711588086,True,base_cutoff
plain_sha,union,ad_required,0,1000,ad_required|european_local_vol|jax|reverse|n2d-standard-4,2,1.0658597086246226,True,base_cutoff
plain_sha,union,ad_required,0,1000,ad_required|european_local_vol|jax|reverse|c2d-standard-4,3,1.0905565138755795,True,base_cutoff
plain_sha,union,ad_required,0,1000,ad_required|european_local_vol|jax|reverse|t2d-standard-4,1,1.0366209911683877,True,base_cutoff
plain_sha,union,price_only,1,5000,price_only|european_local_vol|cpp|none|e2-standard-4,10,1.4955336264240122,False,eliminated_by_rank
plain_sha,union,price_only,1,5000,price_only|european_local_vol|cpp|none|n2-standard-4,9,1.473880211406831,False,eliminated_by_rank
plain_sha,union,price_only,1,5000,price_only|european_local_vol|cpp|none|n2d-standard-4,7,1.278140123729345,False,eliminated_by_rank
plain_sha,union,price_only,1,5000,price_only|european_local_vol|cpp|none|c2d-standard-4,8,1.4405528150252778,False,eliminated_by_rank
plain_sha,union,price_only,1,5000,price_only|european_local_vol|cpp|none|t2d-standard-4,3,1.0401231286643613,True,base_cutoff
plain_sha,union,price_only,1,5000,price_only|european_local_vol|rust|none|e2-standard-4,5,1.1496956636827855,True,base_cutoff
plain_sha,union,price_only,1,5000,price_only|european_local_vol|rust|none|n2-standard-4,6,1.2101887785966112,True,base_cutoff
plain_sha,union,price_only,1,5000,price_only|european_local_vol|rust|none|n2d-standard-4,1,1.0186323774067745,True,base_cutoff
plain_sha,union,price_only,1,5000,price_only|european_local_vol|rust|none|c2d-standard-4,4,1.1475615300672493,True,base_cutoff
plain_sha,union,price_only,1,5000,price_only|european_local_vol|rust|none|t2d-standard-4,2,1.0328239819680982,True,base_cutoff
plain_sha,union,ad_required,1,5000,ad_required|european_local_vol|jax|reverse|e2-standard-4,4,1.4752058248090836,False,eliminated_by_rank
plain_sha,union,ad_required,1,5000,ad_required|european_local_vol|jax|reverse|n2-standard-4,5,1.7762938766616003,False,eliminated_by_rank
plain_sha,union,ad_required,1,5000,ad_required|european_local_vol|jax|reverse|n2d-standard-4,2,1.1182295581069226,True,base_cutoff
plain_sha,union,ad_required,1,5000,ad_required|european_local_vol|jax|reverse|c2d-standard-4,3,1.1717948484162108,True,base_cutoff
plain_sha,union,ad_required,1,5000,ad_required|european_local_vol|jax|reverse|t2d-standard-4,1,1.0168403808150797,True,base_cutoff
plain_sha,union,price_only,2,25000,price_only|european_local_vol|cpp|none|t2d-standard-4,3,1.0824131884728185,True,base_cutoff
plain_sha,union,price_only,2,25000,price_only|european_local_vol|rust|none|e2-standard-4,4,1.1670876554762668,False,eliminated_by_rank
plain_sha,union,price_only,2,25000,price_only|european_local_vol|rust|none|n2-standard-4,6,1.241075252137481,False,eliminated_by_rank
plain_sha,union,price_only,2,25000,price_only|european_local_vol|rust|none|n2d-standard-4,2,1.0558607331405094,True,base_cutoff
plain_sha,union,price_only,2,25000,price_only|european_local_vol|rust|none|c2d-standard-4,5,1.201629886295007,True,base_cutoff
plain_sha,union,price_only,2,25000,price_only|european_local_vol|rust|none|t2d-standard-4,1,1.0103814671346973,True,base_cutoff
plain_sha,union,ad_required,2,25000,ad_required|european_local_vol|jax|reverse|n2d-standard-4,2,1.1128037270830289,True,base_cutoff
plain_sha,union,ad_required,2,25000,ad_required|european_local_vol|jax|reverse|c2d-standard-4,3,1.1845071064864274,True,base_cutoff
plain_sha,union,ad_required,2,25000,ad_required|european_local_vol|jax|reverse|t2d-standard-4,1,1.0140404712331132,True,base_cutoff
guarded_sha,union,price_only,0,1000,price_only|european_local_vol|cpu|none|e2-standard-4,20,3.6807014693541307,False,eliminated_by_rank
guarded_sha,union,price_only,0,1000,price_only|european_local_vol|cpu|none|n2-standard-4,17,3.2268261018890914,False,eliminated_by_rank
guarded_sha,union,price_only,0,1000,price_only|european_local_vol|cpu|none|n2d-standard-4,16,3.085563881396512,False,eliminated_by_rank
guarded_sha,union,price_only,0,1000,price_only|european_local_vol|cpu|none|c2d-standard-4,19,3.3551819223744945,True,engine_diversity
guarded_sha,union,price_only,0,1000,price_only|european_local_vol|cpu|none|t2d-standard-4,15,2.971652901168803,True,engine_diversity
guarded_sha,union,price_only,0,1000,price_only|european_local_vol|jax|none|e2-standard-4,14,2.784628442904589,False,eliminated_by_rank
guarded_sha,union,price_only,0,1000,price_only|european_local_vol|jax|none|n2-standard-4,18,3.3301134106486905,False,eliminated_by_rank
guarded_sha,union,price_only,0,1000,price_only|european_local_vol|jax|none|n2d-standard-4,12,2.211644583340934,False,eliminated_by_rank
guarded_sha,union,price_only,0,1000,price_only|european_local_vol|jax|none|c2d-standard-4,13,2.3793017720495913,True,engine_diversity
guarded_sha,union,price_only,0,1000,price_only|european_local_vol|jax|none|t2d-standard-4,11,2.1493651621866006,True,engine_diversity
guarded_sha,union,price_only,0,1000,price_only|european_local_vol|cpp|none|e2-standard-4,10,1.4863862037774098,True,base_cutoff;near_tie_within_15%
guarded_sha,union,price_only,0,1000,price_only|european_local_vol|cpp|none|n2-standard-4,9,1.468767596033679,True,base_cutoff;near_tie_within_15%
guarded_sha,union,price_only,0,1000,price_only|european_local_vol|cpp|none|n2d-standard-4,6,1.2734127771622363,True,base_cutoff;near_tie_within_15%
guarded_sha,union,price_only,0,1000,price_only|european_local_vol|cpp|none|c2d-standard-4,8,1.4629959029563453,True,base_cutoff;near_tie_within_15%
guarded_sha,union,price_only,0,1000,price_only|european_local_vol|cpp|none|t2d-standard-4,2,1.0633664433237418,True,base_cutoff;engine_diversity;near_tie_within_15%
guarded_sha,union,price_only,0,1000,price_only|european_local_vol|rust|none|e2-standard-4,3,1.1427477096789713,True,base_cutoff;near_tie_within_15%
guarded_sha,union,price_only,0,1000,price_only|european_local_vol|rust|none|n2-standard-4,5,1.208887329650278,True,base_cutoff;near_tie_within_15%
guarded_sha,union,price_only,0,1000,price_only|european_local_vol|rust|none|n2d-standard-4,1,1.0189322250039836,True,base_cutoff;engine_diversity;instance_diversity;near_tie_within_15%
guarded_sha,union,price_only,0,1000,price_only|european_local_vol|rust|none|c2d-standard-4,4,1.1462637583573363,True,base_cutoff;engine_diversity;instance_diversity;near_tie_within_15%
guarded_sha,union,price_only,0,1000,price_only|european_local_vol|rust|none|t2d-standard-4,7,1.3082564207782275,True,base_cutoff;near_tie_within_15%
guarded_sha,union,ad_required,0,1000,ad_required|european_local_vol|jax|forward|e2-standard-4,9,2.2759636381186494,False,eliminated_by_rank
guarded_sha,union,ad_required,0,1000,ad_required|european_local_vol|jax|forward|n2-standard-4,10,2.854125122123696,False,eliminated_by_rank
guarded_sha,union,ad_required,0,1000,ad_required|european_local_vol|jax|forward|n2d-standard-4,7,1.8165122525635515,True,near_tie_within_15%
guarded_sha,union,ad_required,0,1000,ad_required|european_local_vol|jax|forward|c2d-standard-4,8,1.9035284257351341,True,near_tie_within_15%
guarded_sha,union,ad_required,0,1000,ad_required|european_local_vol|jax|forward|t2d-standard-4,6,1.697502075167535,True,near_tie_within_15%
guarded_sha,union,ad_required,0,1000,ad_required|european_local_vol|jax|reverse|e2-standard-4,4,1.2382794692920873,True,base_cutoff;near_tie_within_15%
guarded_sha,union,ad_required,0,1000,ad_required|european_local_vol|jax|reverse|n2-standard-4,5,1.5840858711588086,True,base_cutoff;near_tie_within_15%
guarded_sha,union,ad_required,0,1000,ad_required|european_local_vol|jax|reverse|n2d-standard-4,2,1.0658597086246226,True,base_cutoff;near_tie_within_15%
guarded_sha,union,ad_required,0,1000,ad_required|european_local_vol|jax|reverse|c2d-standard-4,3,1.0905565138755795,True,base_cutoff;engine_diversity;instance_diversity;near_tie_within_15%
guarded_sha,union,ad_required,0,1000,ad_required|european_local_vol|jax|reverse|t2d-standard-4,1,1.0366209911683877,True,base_cutoff;engine_diversity;instance_diversity;near_tie_within_15%
guarded_sha,union,price_only,1,5000,price_only|european_local_vol|cpu|none|c2d-standard-4,14,2.5348087520613407,True,engine_diversity;scaling_improved
guarded_sha,union,price_only,1,5000,price_only|european_local_vol|cpu|none|t2d-standard-4,13,2.23846385205384,True,engine_diversity;scaling_improved
guarded_sha,union,price_only,1,5000,price_only|european_local_vol|jax|none|c2d-standard-4,12,2.15344252671695,True,engine_diversity;scaling_improved
guarded_sha,union,price_only,1,5000,price_only|european_local_vol|jax|none|t2d-standard-4,11,1.8322082308319294,True,engine_diversity
guarded_sha,union,price_only,1,5000,price_only|european_local_vol|cpp|none|e2-standard-4,10,1.4955336264240122,False,eliminated_by_rank
guarded_sha,union,price_only,1,5000,price_only|european_local_vol|cpp|none|n2-standard-4,9,1.473880211406831,True,near_tie_within_15%
guarded_sha,union,price_only,1,5000,price_only|european_local_vol|cpp|none|n2d-standard-4,7,1.278140123729345,True,base_cutoff;near_tie_within_15%
guarded_sha,union,price_only,1,5000,price_only|european_local_vol|cpp|none|c2d-standard-4,8,1.4405528150252778,True,base_cutoff;near_tie_within_15%
guarded_sha,union,price_only,1,5000,price_only|european_local_vol|cpp|none|t2d-standard-4,3,1.0401231286643613,True,base_cutoff;engine_diversity;near_tie_within_15%
guarded_sha,union,price_only,1,5000,price_only|european_local_vol|rust|none|e2-standard-4,5,1.1496956636827855,True,base_cutoff;near_tie_within_15%
guarded_sha,union,price_only,1,5000,price_only|european_local_vol|rust|none|n2-standard-4,6,1.2101887785966112,True,base_cutoff;near_tie_within_15%
guarded_sha,union,price_only,1,5000,price_only|european_local_vol|rust|none|n2d-standard-4,1,1.0186323774067745,True,base_cutoff;engine_diversity;instance_diversity;near_tie_within_15%
guarded_sha,union,price_only,1,5000,price_only|european_local_vol|rust|none|c2d-standard-4,4,1.1475615300672493,True,base_cutoff;engine_diversity;instance_diversity;near_tie_within_15%
guarded_sha,union,price_only,1,5000,price_only|european_local_vol|rust|none|t2d-standard-4,2,1.0328239819680982,True,base_cutoff;near_tie_within_15%;scaling_improved
guarded_sha,union,ad_required,1,5000,ad_required|european_local_vol|jax|forward|n2d-standard-4,7,2.3931335883229226,True,scaling_improved
guarded_sha,union,ad_required,1,5000,ad_required|european_local_vol|jax|forward|c2d-standard-4,8,2.6561974049368926,False,eliminated_by_rank
guarded_sha,union,ad_required,1,5000,ad_required|european_local_vol|jax|forward|t2d-standard-4,6,2.3314763199955575,False,eliminated_by_rank
guarded_sha,union,ad_required,1,5000,ad_required|european_local_vol|jax|reverse|e2-standard-4,4,1.4752058248090836,True,base_cutoff;near_tie_within_15%
guarded_sha,union,ad_required,1,5000,ad_required|european_local_vol|jax|reverse|n2-standard-4,5,1.7762938766616003,True,base_cutoff;near_tie_within_15%;scaling_improved
guarded_sha,union,ad_required,1,5000,ad_required|european_local_vol|jax|reverse|n2d-standard-4,2,1.1182295581069226,True,base_cutoff;near_tie_within_15%
guarded_sha,union,ad_required,1,5000,ad_required|european_local_vol|jax|reverse|c2d-standard-4,3,1.1717948484162108,True,base_cutoff;engine_diversity;instance_diversity;near_tie_within_15%
guarded_sha,union,ad_required,1,5000,ad_required|european_local_vol|jax|reverse|t2d-standard-4,1,1.0168403808150797,True,base_cutoff;engine_diversity;instance_diversity;near_tie_within_15%;scaling_improved
guarded_sha,union,price_only,2,25000,price_only|european_local_vol|cpu|none|c2d-standard-4,13,2.5706589384933007,True,scaling_improved
guarded_sha,union,price_only,2,25000,price_only|european_local_vol|cpu|none|t2d-standard-4,12,2.248075479366155,True,scaling_improved
guarded_sha,union,price_only,2,25000,price_only|european_local_vol|jax|none|c2d-standard-4,11,1.534779929835313,True,near_tie_within_15%;scaling_improved
guarded_sha,union,price_only,2,25000,price_only|european_local_vol|jax|none|t2d-standard-4,6,1.2286764939059411,True,base_cutoff;near_tie_within_15%;scaling_improved
guarded_sha,union,price_only,2,25000,price_only|european_local_vol|cpp|none|n2-standard-4,10,1.5267896158393786,True,near_tie_within_15%
guarded_sha,union,price_only,2,25000,price_only|european_local_vol|cpp|none|n2d-standard-4,8,1.3183540617235119,True,near_tie_within_15%
guarded_sha,union,price_only,2,25000,price_only|european_local_vol|cpp|none|c2d-standard-4,9,1.49968315949384,True,base_cutoff;near_tie_within_15%
guarded_sha,union,price_only,2,25000,price_only|european_local_vol|cpp|none|t2d-standard-4,3,1.0824131884728185,True,base_cutoff;near_tie_within_15%
guarded_sha,union,price_only,2,25000,price_only|european_local_vol|rust|none|e2-standard-4,4,1.1670876554762668,True,base_cutoff;near_tie_within_15%;scaling_improved
guarded_sha,union,price_only,2,25000,price_only|european_local_vol|rust|none|n2-standard-4,7,1.241075252137481,True,base_cutoff;near_tie_within_15%
guarded_sha,union,price_only,2,25000,price_only|european_local_vol|rust|none|n2d-standard-4,2,1.0558607331405094,True,base_cutoff;near_tie_within_15%
guarded_sha,union,price_only,2,25000,price_only|european_local_vol|rust|none|c2d-standard-4,5,1.201629886295007,True,base_cutoff;near_tie_within_15%
guarded_sha,union,price_only,2,25000,price_only|european_local_vol|rust|none|t2d-standard-4,1,1.0103814671346973,True,base_cutoff;near_tie_within_15%;scaling_improved
guarded_sha,union,ad_required,2,25000,ad_required|european_local_vol|jax|forward|n2d-standard-4,6,2.874684558484924,True,scaling_improved
guarded_sha,union,ad_required,2,25000,ad_required|european_local_vol|jax|reverse|e2-standard-4,4,1.5803559091139605,False,eliminated_by_rank
guarded_sha,union,ad_required,2,25000,ad_required|european_local_vol|jax|reverse|n2-standard-4,5,1.9171404057896493,False,eliminated_by_rank
guarded_sha,union,ad_required,2,25000,ad_required|european_local_vol|jax|reverse|n2d-standard-4,2,1.1128037270830289,True,base_cutoff;near_tie_within_15%
guarded_sha,union,ad_required,2,25000,ad_required|european_local_vol|jax|reverse|c2d-standard-4,3,1.1845071064864274,True,base_cutoff;near_tie_within_15%
guarded_sha,union,ad_required,2,25000,ad_required|european_local_vol|jax|reverse|t2d-standard-4,1,1.0140404712331132,True,base_cutoff;near_tie_within_15%
